Valuation ($B),Country,Industry,Investor 1,Investor 2,Investor 3,Investor 4,Days Since Joined
140.0,8,1,460,494,487,7,2687
127.0,45,14,211,179,451,9,4275
100.0,8,6,527,506,479,9,2235
95.0,45,8,307,362,611,9,3857
40.0,1,12,460,94,348,9,2411
40.0,44,8,527,307,143,9,1932
39.0,45,15,307,334,123,9,3516
38.0,45,5,42,401,65,9,2018
33.0,44,8,592,165,446,9,2303
31.5,45,14,517,326,493,9,2120
27.0,45,6,483,49,535,9,4453
25.0,45,8,206,156,251,9,1990
22.0,19,7,517,355,471,9,2578
20.0,8,6,220,637,538,9,3059
20.0,20,15,256,104,470,9,1226
17.5,45,12,14,40,533,9,953
15.5,8,7,517,616,264,9,2633
15.0,8,9,16,505,0,9,3492
15.0,45,12,74,266,539,9,2309
15.0,45,15,14,531,40,9,1407
15.0,8,3,460,360,214,9,1628
15.0,45,8,268,607,330,9,1700
14.0,44,8,329,258,318,9,1275
13.5,45,8,371,536,273,9,2074
13.3,45,12,42,571,502,9,1122
13.0,17,5,14,12,0,9,2242
13.0,45,12,227,311,89,9,1771
12.6,45,10,42,200,573,9,2130
12.59,45,1,307,215,469,9,1751
12.3,45,8,156,474,233,9,2141
12.0,45,3,527,0,0,9,2430
12.0,8,9,136,506,264,9,2232
12.0,45,10,557,298,0,9,2201
12.0,45,12,371,65,147,9,1037
12.0,8,6,302,565,470,9,1485
12.0,45,8,42,537,604,9,1212
11.8,42,15,527,505,442,9,1238
11.7,45,12,112,114,196,9,2100
11.4,8,2,318,344,430,9,1169
11.25,45,12,277,631,311,9,1472
11.1,44,9,56,198,293,9,2793
11.0,45,8,20,585,216,9,1042
10.2,45,8,153,146,18,9,1022
10.88,8,3,517,280,607,9,1195
10.7,19,15,15,484,388,9,2247
10.0,18,15,352,512,602,9,2002
10.0,45,12,273,266,311,9,1568
10.0,45,8,228,258,311,9,3163
10.0,8,6,460,239,0,9,3078
10.0,45,12,579,505,120,9,2572
10.0,45,12,154,498,510,9,2143
10.0,45,12,273,175,180,9,1597
10.0,45,6,543,476,20,9,1492
10.0,45,8,442,640,500,9,1018
10.0,34,8,268,376,298,9,828
9.5,45,12,302,183,386,9,2263
9.5,45,12,78,293,65,9,2101
9.28,8,14,460,566,50,9,1872
9.23,17,8,433,184,568,9,2044
9.2,45,12,499,19,44,9,1367
9.08,39,14,551,613,226,9,1891
9.0,45,4,42,411,528,9,3425
9.0,45,13,380,257,415,8,2456
9.0,19,16,483,507,328,9,2151
8.75,44,8,512,246,153,9,1717
8.7,28,6,156,526,370,9,1414
8.6,45,4,62,258,15,9,1668
8.6,45,2,483,266,214,9,2012
8.6,45,8,22,88,15,9,1361
8.5,45,1,460,295,142,9,2227
8.5,17,12,234,416,410,9,1304
8.5,44,8,38,255,58,9,1857
8.4,14,2,167,172,526,9,2270
8.3,45,4,501,349,120,9,1316
8.3,45,8,0,636,236,9,1409
8.1,45,10,371,551,326,9,2339
8.1,45,8,150,544,120,9,1235
8.0,19,12,303,565,508,9,1955
8.0,45,8,515,146,513,9,1115
8.0,45,15,86,221,188,9,2299
8.0,45,8,527,46,49,9,1101
7.83,45,10,478,428,246,9,1191
7.6,6,12,541,604,37,9,1234
7.75,44,12,14,415,281,9,1374
7.5,45,4,329,525,15,9,2102
7.5,19,8,461,576,350,9,1404
7.5,45,12,281,361,416,9,4098
7.4,45,8,349,537,565,9,1928
7.3,45,1,14,631,273,9,1837
7.25,45,2,565,214,0,9,1861
7.25,45,1,383,406,595,9,1464
7.25,45,16,42,356,608,9,2107
7.1,45,8,360,372,2,9,1000
7.0,8,10,516,393,0,9,3250
7.0,45,10,277,246,483,9,1480
7.0,45,8,522,189,122,9,1002
6.8,45,1,226,255,380,9,2236
6.8,6,4,479,19,491,9,1134
6.7,39,8,282,505,216,9,4630
6.6,8,6,460,617,217,9,2402
6.51,8,2,268,80,0,6,1529
6.5,19,8,503,526,210,9,1506
6.5,29,8,513,0,0,9,1437
7.5,19,2,16,526,469,9,3580
6.4,16,10,63,329,15,9,1976
6.3,45,1,371,21,261,9,1844
6.28,45,8,541,474,567,9,2376
6.2,45,10,52,307,120,9,1317
6.1,45,14,71,0,0,9,1183
6.1,45,12,524,87,355,9,1219
6.0,8,9,571,296,0,9,3285
6.0,45,8,408,46,311,9,1374
6.0,22,4,280,505,273,9,1247
6.0,45,8,82,96,561,9,1115
5.2,45,1,552,84,277,9,1234
5.99,45,13,377,196,469,9,1422
5.78,8,3,29,104,86,9,2376
5.77,8,6,516,71,255,9,3052
5.7,45,12,513,14,0,9,4884
5.7,45,10,524,379,439,9,1344
5.7,45,12,72,543,439,9,1311
5.7,16,6,26,199,144,9,1185
5.7,15,15,85,560,515,9,910
5.7,45,14,547,13,132,9,848
5.6,45,12,379,114,277,9,1526
5.6,45,5,343,49,217,9,1507
5.6,16,12,255,199,100,9,1178
5.36,17,8,212,155,0,9,1183
5.25,9,15,156,49,469,5,2176
5.25,3,5,273,84,262,9,2025
5.1,45,12,280,0,0,9,1862
5.1,5,6,306,245,497,9,1802
5.05,5,8,146,0,0,9,1352
5.0,8,10,126,134,95,9,2526
5.0,8,2,43,233,0,9,2267
5.5,1,8,156,506,539,9,1970
5.5,29,8,445,22,413,9,1317
5.48,37,8,78,463,311,9,2076
5.0,8,1,256,357,369,9,1996
5.0,8,2,65,357,538,9,1987
5.0,44,14,226,7,254,9,1416
5.0,45,5,568,258,282,9,1220
5.0,44,8,14,560,320,9,1088
5.0,44,8,133,149,549,9,2499
5.0,22,13,280,48,0,9,1663
5.0,19,6,345,203,497,9,1111
5.0,45,5,240,87,189,9,1311
5.0,19,8,461,561,406,9,1665
5.0,16,8,37,600,539,9,947
5.0,19,2,483,576,350,9,1871
5.0,45,1,183,264,270,9,1856
5.0,6,16,114,143,391,9,1240
5.0,19,12,194,425,471,9,1332
5.0,19,12,274,190,330,9,1225
5.0,45,4,534,212,125,9,1247
4.9,19,12,553,507,423,9,1228
4.8,45,10,389,53,593,9,1162
4.8,5,8,306,45,434,9,1336
4.8,45,10,466,84,43,9,1101
4.73,8,9,123,515,399,9,973
4.7,45,12,523,356,137,9,1267
4.7,12,8,145,220,309,9,1136
4.7,40,12,25,246,277,9,842
4.6,45,1,42,221,444,9,1800
5.85,45,10,246,604,425,9,1451
4.6,45,1,37,210,611,9,1716
4.6,45,12,579,19,520,9,1792
4.6,45,10,227,610,520,9,1319
4.58,44,8,394,255,0,9,1233
4.53,25,6,14,307,93,9,1723
4.5,8,7,460,565,490,9,2933
4.5,45,4,534,212,125,9,1248
4.5,44,8,404,573,396,9,2115
4.58,8,9,105,256,428,9,2943
4.5,17,8,455,504,391,9,1990
4.5,19,6,130,449,499,9,1700
4.5,8,2,422,638,0,9,745
4.4,45,12,348,364,554,9,1948
4.4,8,2,53,297,428,9,1331
4.4,45,12,226,96,263,9,1737
4.3,45,4,329,470,581,9,1393
4.3,16,12,74,19,497,9,1059
4.2,45,14,410,102,551,9,1361
4.25,8,6,460,462,539,9,1876
4.2,45,12,329,330,220,9,2291
4.2,45,12,561,623,523,9,934
4.2,45,5,42,47,469,9,1142
4.15,6,6,459,0,0,9,1164
4.1,45,1,552,311,226,9,2264
4.11,2,8,493,600,566,9,1248
4.1,45,15,239,644,601,9,1248
4.0,45,6,371,505,124,9,3607
4.01,19,8,527,165,471,9,1227
4.0,37,13,208,0,0,9,3565
4.0,8,1,43,482,199,9,2480
4.0,44,8,483,245,0,9,2222
4.0,45,3,307,287,535,9,1921
4.0,45,10,371,541,0,9,2362
4.0,45,8,586,474,525,9,1774
4.0,45,12,273,573,98,9,1443
4.0,6,12,171,276,290,9,1316
4.0,45,12,459,90,543,9,1309
4.0,45,13,42,556,0,9,1299
4.0,21,12,14,307,85,9,1156
4.0,45,10,174,246,42,9,1353
4.0,45,5,246,356,307,9,2666
4.0,45,8,14,32,36,9,1298
4.0,45,6,483,417,0,9,1037
4.0,45,12,231,154,0,9,1339
4.0,45,9,74,218,469,9,2101
4.0,45,14,84,335,229,9,1473
4.0,45,13,371,440,131,9,2166
4.0,45,12,199,194,262,9,1179
4.0,45,12,14,517,611,9,1310
4.0,45,12,42,573,502,9,877
4.0,19,8,193,15,529,9,1308
4.0,45,4,246,307,354,9,828
3.92,8,10,124,141,610,9,2207
3.8,45,10,371,404,108,9,3789
3.8,45,6,240,84,143,9,1877
3.8,29,13,579,59,15,9,1407
3.8,45,15,246,640,604,9,2155
3.75,45,7,85,294,216,9,1141
3.75,45,6,115,267,544,9,1248
3.7,45,5,483,505,595,9,2257
3.7,45,5,383,255,148,9,1582
3.7,45,6,542,620,139,9,1422
3.7,45,10,427,499,484,9,1179
3.7,45,14,98,124,571,9,1114
3.7,45,12,78,307,381,9,1260
3.7,8,10,256,526,428,9,990
3.7,45,1,349,35,117,9,1309
3.7,45,6,579,49,598,9,1064
3.66,45,12,1,0,0,9,938
3.6,45,12,470,293,0,9,1246
3.6,45,6,377,451,560,9,1387
3.6,45,2,42,363,217,9,1393
3.6,45,7,373,380,448,9,1646
3.6,45,8,171,165,200,9,1177
3.52,17,10,177,0,0,9,2609
3.5,45,1,21,31,57,9,2515
3.5,45,12,202,505,273,9,1241
3.5,45,12,227,271,0,9,1064
3.5,16,6,184,12,181,9,1423
3.5,45,12,28,303,20,9,1394
3.5,45,8,574,121,0,9,1038
3.5,2,7,155,343,120,9,1150
3.5,45,12,336,509,461,9,1270
3.5,45,12,311,356,557,9,1191
3.5,45,8,280,576,15,9,1213
3.5,45,9,343,305,547,9,1129
3.5,45,14,354,631,103,9,1014
3.5,40,4,237,603,277,9,1793
3.44,19,7,91,407,471,9,1443
3.4,45,8,371,146,547,9,997
3.4,19,8,527,328,0,9,990
3.35,8,2,121,136,0,9,2327
3.35,45,5,280,498,578,9,1295
3.35,45,5,273,146,37,9,1317
3.34,44,8,289,458,182,9,1256
3.31,8,2,225,494,114,9,1389
3.3,45,14,78,550,348,9,1948
3.3,45,13,245,500,443,9,1752
3.3,45,10,42,292,180,9,1546
3.3,37,15,460,165,143,9,1133
3.3,19,6,359,165,471,9,1360
3.25,45,8,62,348,306,9,1059
3.24,8,14,30,0,0,9,3018
3.21,15,12,282,59,157,9,1032
3.2,45,6,526,505,228,9,3243
3.2,45,8,524,221,121,9,1255
3.2,19,7,461,528,68,9,1099
3.2,6,8,10,228,78,9,1087
3.2,45,10,332,621,330,9,1273
3.2,45,12,14,505,604,9,940
3.2,45,6,524,36,271,9,1224
3.2,45,10,520,216,194,9,952
3.2,45,12,459,0,0,9,967
3.15,45,9,410,364,73,9,1115
3.1,19,15,156,356,360,9,2172
3.1,45,8,500,143,262,9,1682
3.1,5,6,306,463,15,9,1094
3.0,8,13,460,518,311,4,3187
3.0,20,16,234,185,173,9,2783
3.0,8,6,362,617,135,9,2479
3.0,44,8,109,0,0,9,2456
3.0,45,8,227,173,15,9,2284
3.0,8,7,460,629,207,9,2220
3.0,17,2,258,597,216,9,1855
3.0,5,14,74,90,0,9,1715
3.2,6,7,47,445,40,9,1563
3.0,45,4,462,502,125,9,1365
3.0,45,12,266,427,0,9,1297
3.0,45,8,138,600,402,9,1253
3.0,45,12,472,549,547,9,1212
3.0,44,10,113,338,170,9,1794
3.0,45,12,492,293,231,9,1143
3.0,45,7,271,0,0,9,3026
3.0,45,10,103,96,146,9,1121
3.0,17,12,69,246,547,9,1114
3.0,45,12,538,572,79,9,1101
3.0,45,12,290,245,330,9,2067
3.0,45,12,329,341,120,9,1239
3.1,17,15,136,58,143,9,1239
3.0,46,12,192,9,507,9,1046
3.0,45,7,540,576,329,9,1219
3.0,45,8,527,307,297,9,1036
3.0,19,8,527,507,446,9,1226
3.0,45,12,14,547,229,9,1591
3.3,45,2,6,476,412,9,1599
3.0,45,8,42,98,337,9,974
3.0,45,8,136,68,465,9,945
3.0,45,12,307,573,604,9,1241
3.0,45,8,244,113,234,9,1255
3.0,45,8,72,49,446,9,916
3.0,45,8,273,505,217,9,1129
3.0,45,14,371,19,84,9,1274
2.92,45,8,92,581,453,9,1878
2.92,45,1,307,0,0,9,1851
2.9,45,12,211,464,66,9,1781
2.9,5,6,357,49,426,9,1686
2.85,19,8,280,507,53,9,1112
2.85,45,8,412,480,15,9,1091
2.85,17,6,365,102,423,9,988
2.85,16,8,273,561,418,9,1214
2.8,8,13,527,100,609,9,2976
2.8,45,15,459,73,229,9,1914
2.77,44,1,166,442,34,9,2067
2.75,45,4,159,217,218,9,3411
2.75,45,7,282,401,292,9,1190
2.75,42,13,338,303,276,9,1142
2.74,22,4,226,307,582,9,1150
3.95,8,2,250,461,112,9,905
2.7,45,8,384,503,310,9,2269
2.7,45,12,238,0,0,9,1066
2.7,37,12,207,532,0,9,722
2.7,45,1,302,0,0,9,1570
2.7,44,8,102,492,268,9,990
2.66,29,8,363,0,0,9,798
2.6,16,6,226,443,405,9,1137
2.62,45,12,434,254,277,9,1129
2.6,45,12,139,84,129,9,1764
2.6,45,12,280,322,324,9,1269
2.6,45,4,555,90,165,9,1263
2.0,8,12,288,71,585,9,2320
2.62,45,5,213,245,73,9,1067
2.6,5,1,80,245,457,9,1108
2.55,15,10,206,351,341,9,863
2.59,45,3,307,287,197,9,2450
2.5,45,5,282,114,469,9,1086
2.5,43,14,441,0,0,9,2549
2.5,8,2,190,565,559,9,2309
2.5,45,12,137,587,348,9,1242
2.5,19,6,14,576,383,9,1267
2.5,45,8,570,569,242,9,1071
2.5,22,4,48,519,235,9,1367
2.5,45,4,570,246,0,9,1163
2.5,45,12,110,19,229,9,1149
2.5,45,4,14,77,277,9,1205
2.68,19,12,461,327,15,9,1091
2.5,45,0,130,371,378,9,911
2.5,45,10,518,211,333,9,904
2.5,1,8,192,29,534,9,892
2.5,45,14,498,400,0,9,890
2.5,45,9,501,430,503,9,883
2.5,19,12,527,568,345,9,869
2.5,45,6,245,359,143,9,1233
2.5,22,12,78,442,139,9,1296
2.45,22,12,78,187,65,9,1038
2.45,0,8,488,474,365,9,1098
2.45,19,12,461,467,223,9,1065
2.44,45,4,483,114,503,9,1836
2.41,8,8,465,140,238,9,2732
2.41,8,2,465,140,238,9,1184
2.41,45,8,443,307,437,9,1567
2.4,45,9,240,505,589,9,3283
2.4,19,8,276,529,0,9,1928
2.4,45,8,325,466,362,9,1204
2.4,45,4,383,54,330,9,1171
2.4,45,4,349,233,191,9,1067
2.4,45,8,502,176,73,9,1492
2.4,45,14,502,358,182,9,1239
2.4,45,12,383,281,24,9,1199
2.4,45,14,521,206,0,9,849
2.62,45,15,186,13,110,9,1171
2.62,45,10,42,168,450,9,1450
2.35,44,8,391,396,126,9,1171
2.35,38,12,308,526,45,9,988
2.34,37,6,270,398,0,9,3263
2.32,8,9,544,295,232,9,1458
2.31,16,14,517,255,0,9,1459
2.3,45,1,440,401,106,9,3215
2.85,45,15,240,303,464,9,1941
2.3,45,14,432,109,539,9,1647
2.3,45,8,437,557,101,9,1421
2.3,45,14,514,258,217,9,1178
2.3,3,12,499,418,496,9,1113
2.27,46,8,239,617,210,9,979
2.25,45,3,486,16,483,9,2114
2.25,45,12,14,44,510,9,1114
2.25,45,12,312,28,104,9,1044
2.2,45,8,211,386,210,9,856
2.2,17,14,226,0,0,9,2366
2.2,37,6,459,0,0,9,1739
2.2,45,8,189,456,195,9,1206
2.2,28,8,401,456,122,9,1198
2.2,45,12,226,526,45,9,1891
2.2,45,12,42,258,467,9,1409
2.2,8,15,180,489,558,9,912
2.2,45,1,68,521,330,9,904
2.2,45,3,226,105,581,9,1156
2.19,8,13,587,614,282,9,1773
2.19,44,14,164,41,162,9,946
2.18,8,1,327,72,428,9,1475
2.17,8,1,460,82,0,9,2352
2.17,45,8,7,159,519,9,1157
2.17,45,8,7,384,547,9,1333
2.0,45,5,183,426,134,9,1155
2.15,5,8,411,601,143,9,1072
2.15,19,8,414,148,297,9,1101
2.1,19,6,483,486,569,9,1651
2.1,45,12,210,311,217,9,1388
2.1,19,6,547,19,164,9,1206
2.1,45,8,267,77,515,9,1197
2.1,45,1,329,501,311,9,1142
2.1,45,10,221,501,512,9,1024
2.1,44,8,14,437,60,9,919
2.1,17,15,118,415,222,9,1151
2.1,45,8,517,114,119,9,885
2.0,18,8,172,64,2,9,813
2.0,18,3,315,0,0,9,4567
2.0,45,1,429,575,46,9,4259
2.0,8,6,460,376,8,9,3447
2.0,16,2,16,303,278,9,3256
2.0,8,6,588,235,594,9,2901
2.0,45,12,579,375,67,9,2673
1.0,44,14,42,526,535,9,2653
2.0,24,1,529,389,176,9,2282
2.0,45,9,409,162,198,9,2206
2.0,8,1,460,133,63,9,2066
2.0,45,12,281,555,502,9,2017
2.0,45,4,280,554,286,9,1968
2.0,8,16,426,123,216,9,1911
2.0,45,5,379,564,469,9,1883
2.0,8,12,220,295,331,9,1756
2.0,45,13,337,442,433,9,1668
2.0,8,12,76,233,369,9,1549
2.0,45,5,559,170,59,9,1451
2.0,8,6,344,186,252,9,1421
2.0,45,8,84,640,600,9,1409
2.0,45,10,112,423,573,9,1352
2.0,45,15,85,0,0,9,1337
2.0,22,8,294,316,277,9,1271
2.0,8,3,525,110,584,9,1247
2.0,6,8,254,420,166,9,1213
2.0,45,1,528,74,217,9,1212
2.0,39,10,273,155,15,9,1206
2.0,45,12,350,576,504,9,1199
2.7,45,8,459,258,15,9,1192
2.1,44,8,14,643,308,9,952
2.0,8,12,344,506,219,9,1192
2.0,45,8,593,365,185,9,1184
2.0,45,12,110,99,273,9,1157
2.0,29,8,539,0,0,9,1154
2.0,28,8,34,245,497,9,1162
2.0,5,15,427,527,0,9,1898
2.0,45,12,280,576,230,9,1122
2.0,26,14,8,481,0,9,1991
2.0,8,1,517,11,470,9,1100
2.0,45,8,42,120,466,9,1098
2.0,45,14,542,558,37,9,1542
2.0,30,8,460,535,440,9,1088
2.0,45,12,272,217,98,9,1072
2.0,24,13,292,252,45,9,1837
2.0,45,15,14,158,233,9,1212
2.0,45,10,439,625,435,9,1064
2.0,8,1,381,630,203,9,1058
2.0,45,8,74,42,432,9,1044
2.0,45,9,390,463,37,9,3586
2.0,17,16,382,622,389,9,1025
2.0,45,5,329,38,30,9,1022
2.0,32,8,280,617,48,9,1018
2.0,45,12,301,384,37,9,1619
2.0,44,8,224,606,612,9,1009
2.0,45,1,132,608,400,9,1164
8.0,22,4,459,435,403,9,1002
2.0,45,12,42,334,155,9,1002
2.0,45,10,307,262,197,9,997
2.0,45,12,483,378,0,9,997
2.0,35,0,260,104,141,9,1851
2.0,16,9,99,315,4,9,941
2.0,45,5,329,470,388,9,1317
2.0,20,6,151,295,480,9,912
2.0,45,12,85,90,0,9,912
2.0,12,8,452,265,495,9,1130
2.25,19,7,427,19,100,9,1102
2.0,45,12,343,412,573,9,855
2.0,45,4,527,356,249,9,868
2.0,8,2,460,295,428,9,839
2.0,45,1,79,24,337,9,829
2.0,45,5,280,331,69,9,1024
2.0,10,2,415,313,497,9,806
2.0,8,9,563,609,591,9,2094
1.93,37,13,81,542,606,9,800
1.98,16,6,234,27,33,9,948
1.95,8,7,533,285,264,9,1285
1.95,45,12,494,553,547,9,973
1.9,45,12,203,576,262,9,2479
1.9,8,6,300,354,492,9,2022
1.9,45,8,412,441,125,9,1310
1.9,45,10,552,117,13,9,1304
1.9,19,8,527,507,446,9,1044
1.9,45,8,590,77,234,9,890
1.94,45,8,307,77,330,9,889
1.94,45,12,74,505,527,9,896
1.9,45,0,478,169,351,9,870
1.9,45,6,68,526,183,9,832
1.87,17,2,589,244,282,9,895
1.85,8,2,55,0,0,9,1949
1.83,37,11,455,17,617,9,730
1.85,45,8,519,116,0,9,1065
1.8,45,10,211,330,226,9,3283
1.8,45,14,196,205,572,9,1235
1.8,45,12,240,334,513,9,1107
1.8,22,1,559,307,118,1,1842
1.8,45,9,453,330,323,9,1057
1.8,19,8,248,101,145,9,991
1.79,45,10,216,52,366,9,1024
1.78,8,2,295,508,202,9,2313
1.75,6,4,90,46,52,9,1165
1.75,19,6,227,188,47,9,995
1.75,45,12,68,221,596,9,847
1.8,45,4,580,470,207,9,1241
1.73,8,13,434,459,109,9,3499
1.7,45,1,558,236,73,9,792
1.7,45,3,524,576,534,9,2372
1.7,45,3,511,249,547,9,2124
1.7,45,10,33,465,158,9,1261
1.7,45,10,398,552,139,9,982
1.7,45,12,326,497,81,9,857
1.7,44,7,329,258,217,9,799
1.7,45,12,459,595,461,9,779
1.69,45,10,35,526,23,9,849
1.6,45,10,280,505,273,9,1248
1.7,45,12,523,83,244,9,1192
1.7,33,8,497,221,405,9,1073
1.7,16,6,188,297,60,9,1263
1.7,45,4,160,195,27,9,1022
1.7,45,5,148,1,463,9,1015
1.7,45,1,379,582,133,9,1012
1.7,45,8,245,348,215,9,1010
1.7,27,6,236,10,393,9,1130
1.7,45,12,273,334,69,9,925
1.7,45,8,483,20,136,9,911
1.65,45,12,402,290,37,9,882
1.65,45,12,390,49,374,9,729
1.62,8,5,97,166,264,9,2229
1.62,45,10,33,246,296,9,947
1.7,19,6,32,377,547,9,931
1.61,8,12,149,295,0,9,3348
1.65,17,8,581,488,588,9,1129
1.6,45,5,148,386,330,9,1177
1.6,45,9,508,255,0,9,3396
1.6,4,1,218,0,0,9,2680
1.6,8,2,406,639,0,9,2402
1.6,45,4,593,209,469,9,1660
2.6,45,12,459,77,614,9,1261
1.6,45,6,348,509,316,9,1233
1.6,6,12,388,552,533,9,1206
1.6,1,12,83,304,547,9,1200
1.6,45,1,220,19,439,9,814
1.6,45,0,42,266,469,9,882
1.36,45,8,241,386,406,9,1185
1.36,45,10,36,394,0,9,1001
1.5,31,5,513,19,22,9,1184
1.6,45,1,341,272,166,9,1184
1.6,24,8,58,626,325,9,1164
1.6,45,8,42,146,119,9,1139
1.7,45,8,586,384,137,9,1078
1.6,45,10,277,534,524,9,1023
1.6,45,15,281,293,319,9,1962
1.6,21,8,423,165,321,9,926
1.6,45,8,459,303,452,9,877
1.6,25,4,227,79,389,9,861
1.6,45,4,143,505,576,9,800
1.6,45,8,459,356,404,9,786
1.6,45,12,579,49,69,9,779
1.59,36,3,269,30,0,9,2837
1.57,45,9,356,422,72,9,909
1.55,8,8,249,511,397,9,1970
1.55,8,9,117,127,563,9,1263
1.55,8,14,460,617,264,9,1216
1.55,43,15,107,66,384,9,1141
1.53,45,12,311,505,217,9,1183
1.52,8,13,119,514,603,9,2519
1.52,8,6,29,145,92,9,1994
1.51,8,14,268,454,361,9,855
1.5,45,5,459,245,0,9,4207
1.5,13,8,134,163,304,9,800
1.5,45,10,335,56,175,9,730
1.5,8,16,220,460,0,9,3347
1.5,8,6,570,61,0,9,3046
1.5,44,2,564,20,587,9,3005
1.5,8,5,29,135,605,9,2625
1.5,8,7,533,295,470,9,2481
1.5,8,16,362,123,291,9,2479
1.5,8,6,321,108,470,9,2270
1.5,8,3,489,383,539,9,2156
1.5,45,2,483,0,0,9,2066
1.5,45,8,371,221,229,9,1886
1.5,45,12,290,367,469,9,1368
1.5,45,12,383,19,547,9,1339
1.5,45,10,346,369,3,9,1304
1.5,45,14,444,381,272,9,1261
1.5,45,4,358,103,80,9,1245
1.5,45,8,459,631,174,9,1178
2.0,45,8,163,92,7,9,1172
1.5,16,9,168,178,314,9,1162
1.5,22,9,40,444,24,9,1158
1.5,8,15,489,146,142,9,1143
1.5,45,12,434,453,486,9,1129
1.5,45,12,348,307,441,9,1122
1.5,7,3,306,495,547,9,1116
1.5,1,12,197,303,74,9,1113
1.5,45,8,280,148,406,9,1107
1.5,45,8,234,510,234,9,1240
1.5,45,12,546,339,213,9,1066
1.5,44,5,457,501,65,9,1065
1.5,45,4,136,303,197,9,1065
1.5,41,8,44,130,87,9,1053
1.5,45,12,491,258,97,9,1051
1.5,45,12,386,303,533,9,1050
1.5,45,12,280,531,127,9,1029
1.5,45,8,18,448,225,9,1035
1.5,45,12,399,300,0,9,1009
1.5,19,10,130,19,303,9,1009
1.5,45,14,200,471,534,9,1070
1.5,5,6,435,601,498,9,974
1.5,45,12,101,99,599,9,962
1.5,45,12,14,87,460,9,972
1.5,22,14,456,520,56,9,954
1.5,45,6,316,225,187,9,948
1.5,16,8,273,187,216,9,940
1.5,14,1,14,311,547,9,932
1.5,45,10,459,246,256,9,927
1.5,19,15,305,417,423,9,920
1.5,45,15,227,429,192,9,968
1.5,45,12,41,24,343,9,911
1.5,45,6,434,417,481,9,903
1.5,45,8,482,526,0,9,1179
1.5,45,8,162,291,339,9,863
1.5,45,13,78,107,217,9,842
1.5,45,1,371,374,518,9,829
1.5,5,8,558,477,327,9,826
1.5,45,14,59,387,344,9,1057
1.5,44,12,233,539,346,9,762
1.49,8,6,179,123,334,9,1984
1.48,8,2,123,115,0,9,1900
1.48,45,14,96,195,99,9,828
1.46,8,0,340,288,111,9,1095
1.45,8,9,64,565,0,9,2344
1.45,8,15,170,402,489,9,2089
1.45,8,12,510,0,0,9,1876
1.45,44,6,226,0,0,9,1462
1.45,45,8,320,144,297,9,1128
1.45,45,4,480,49,497,9,920
1.44,39,2,514,70,387,9,958
1.43,45,12,273,573,59,9,1661
1.43,8,10,460,139,428,9,1197
1.42,45,10,309,246,152,9,1114
1.4,45,10,277,122,502,9,1015
1.4,6,12,94,591,177,9,969
1.4,45,12,42,305,555,9,947
1.4,3,8,374,524,391,9,934
1.4,45,1,341,561,149,9,933
1.4,22,5,506,636,69,9,932
1.4,8,6,371,577,538,9,3584
1.4,45,8,60,255,227,9,2648
1.4,8,13,407,574,0,9,2494
1.4,38,2,458,431,436,9,2397
1.4,8,15,179,493,458,9,2396
1.4,45,6,234,150,193,9,1919
1.4,45,12,371,114,273,9,1323
1.4,39,12,177,96,0,9,1253
1.4,45,12,78,611,82,9,1246
1.4,19,6,461,352,120,9,1043
1.4,45,12,246,246,307,9,1134
1.4,19,14,461,576,538,9,1238
1.4,45,8,239,197,568,9,1289
1.4,45,2,175,129,520,9,1022
1.4,45,10,302,55,503,9,863
1.4,37,6,270,388,55,9,829
1.4,44,8,384,332,54,9,829
1.4,19,8,461,289,350,9,764
1.4,45,12,466,18,482,9,1226
1.4,45,12,253,577,98,9,1225
1.4,45,7,467,432,297,9,1220
1.4,45,13,436,49,184,9,1219
1.4,17,8,82,567,250,9,1164
1.4,45,12,474,618,38,9,1029
1.4,45,4,279,648,330,9,987
1.4,45,4,579,483,537,9,917
1.4,44,13,329,20,162,9,913
1.4,45,10,459,222,140,9,793
1.38,16,6,499,457,0,9,6254
1.38,5,8,420,390,51,9,913
1.36,45,12,139,312,484,9,840
1.35,8,1,152,634,356,9,2313
1.35,18,16,460,255,349,9,2200
1.35,8,10,243,317,142,9,1157
1.35,45,8,78,196,101,9,1050
1.35,45,14,7,85,90,9,913
1.34,45,8,349,472,261,9,1218
1.34,8,9,517,253,476,9,784
1.33,44,6,342,69,273,9,990
1.33,37,6,51,151,208,9,934
1.32,45,12,311,150,277,9,3312
1.32,37,14,237,0,0,9,2124
1.32,8,4,24,563,546,9,1939
1.32,45,10,450,419,83,9,933
1.31,8,1,426,138,430,9,2219
1.31,45,10,12,37,0,9,1415
1.3,45,10,88,593,0,9,2446
1.3,19,11,77,371,551,3,730
1.3,45,14,539,0,0,9,1731
1.3,22,10,583,231,312,9,1623
1.3,45,10,254,405,494,9,1351
1.3,8,14,136,270,102,9,1330
1.3,8,13,368,112,289,9,1317
1.3,45,12,280,517,505,9,1095
1.3,28,8,306,456,283,9,1051
1.3,45,8,78,384,39,9,1051
1.3,45,15,468,234,229,9,1030
1.3,45,5,329,170,597,9,1022
1.3,45,8,325,533,514,9,944
1.3,38,16,331,333,181,9,946
1.3,45,8,320,615,0,9,947
1.3,45,12,586,238,0,9,931
1.3,45,8,277,246,315,9,931
1.3,45,15,131,368,73,9,926
1.3,8,0,537,462,207,9,974
1.3,19,8,280,63,330,9,892
1.3,1,12,27,307,273,9,883
1.3,45,12,280,505,513,9,876
1.3,45,12,112,305,604,9,926
1.3,45,10,226,118,347,9,842
1.3,45,15,176,548,197,9,1067
1.3,22,15,78,307,412,9,822
1.28,45,12,203,576,0,9,2333
1.28,44,14,355,382,0,9,2009
1.28,8,8,268,242,115,9,1179
1.27,8,12,158,286,305,9,2321
1.26,8,9,517,599,206,9,866
1.26,8,9,268,633,420,9,884
1.25,45,4,62,487,464,9,1338
1.25,8,12,460,111,539,9,2449
1.25,44,8,404,274,401,9,1072
1.25,45,12,42,452,545,9,1045
1.25,45,12,293,545,32,9,1015
1.25,45,4,169,223,5,9,982
1.25,45,12,42,90,120,9,968
1.25,21,12,517,576,222,9,945
1.25,45,15,336,81,177,9,937
1.25,45,8,459,631,15,9,932
1.25,45,8,116,439,37,9,828
1.25,45,12,217,594,217,9,791
1.25,45,7,227,596,539,9,756
1.24,44,3,509,157,0,9,2684
1.24,8,9,517,171,440,9,1318
1.24,8,10,426,0,0,9,1263
1.23,45,10,378,125,229,9,1312
1.23,6,14,530,283,0,9,1072
1.23,45,2,324,307,217,9,1291
1.22,8,13,465,11,322,9,1367
1.22,24,14,140,318,540,9,1072
1.22,42,12,569,192,449,9,899
1.22,45,10,520,33,337,9,912
1.2,45,8,110,576,604,9,813
1.2,8,15,29,326,226,9,2836
1.2,45,2,147,69,497,9,2065
1.65,45,3,206,311,545,9,1976
1.2,21,12,265,0,0,9,1514
1.2,45,5,336,334,247,9,1491
1.2,45,12,231,516,419,9,1289
1.2,45,8,14,264,19,9,1275
1.2,8,7,489,628,249,9,1239
1.2,45,8,273,505,71,9,1238
1.0,8,1,460,346,237,9,1220
1.3,45,14,454,473,285,9,1206
1.2,45,1,263,330,12,9,1204
1.2,6,1,554,90,189,9,1196
1.2,45,14,204,33,284,9,1191
1.2,45,12,141,168,461,9,1169
1.2,8,0,268,637,470,9,1148
1.2,11,15,403,303,429,9,1141
1.2,45,10,375,258,174,9,1129
1.2,45,8,413,307,388,9,1121
1.2,45,12,427,19,100,9,1108
1.2,45,8,428,309,105,9,1185
1.2,31,6,310,531,423,9,1170
1.2,45,12,401,448,330,9,1080
1.2,45,5,280,498,408,9,1067
1.2,45,12,14,266,357,9,1052
1.2,19,6,461,280,516,9,1037
1.2,19,6,317,586,69,9,1009
1.2,45,8,143,120,395,9,982
1.4,19,10,461,289,169,9,982
1.2,45,15,220,576,234,9,987
1.2,28,6,484,25,60,9,980
1.2,45,12,347,366,547,9,946
1.2,45,1,25,84,472,9,946
1.2,45,8,402,49,297,9,927
1.2,19,6,297,275,267,9,919
1.2,19,15,383,314,75,9,918
1.2,45,12,203,576,178,9,905
1.2,17,6,78,230,277,9,856
1.2,45,0,311,114,543,9,861
1.2,45,8,14,91,190,9,821
1.2,28,8,560,535,330,9,762
1.2,44,10,111,0,0,9,759
1.15,45,5,343,356,577,9,980
1.19,37,3,106,0,0,9,3149
1.19,8,1,446,565,470,9,1968
1.18,8,7,460,462,539,9,2583
1.17,8,15,489,251,300,9,2040
1.17,45,10,311,26,197,9,1281
1.17,45,12,239,213,197,9,1157
1.16,8,2,426,632,179,9,2161
1.16,45,14,98,373,6,9,839
1.15,9,14,25,0,0,9,3321
1.15,45,4,405,218,542,9,1344
1.15,45,8,405,218,542,9,1156
1.15,45,1,552,306,279,9,1064
1.15,45,10,227,97,180,9,1044
1.15,45,8,203,50,96,9,919
1.12,8,8,129,243,294,9,1704
1.13,20,8,44,340,488,9,736
1.12,45,8,329,330,372,9,1115
1.12,45,10,47,442,570,9,898
1.1,45,1,542,19,274,9,793
1.1,45,13,173,463,26,9,3801
1.1,45,6,353,645,198,9,3235
1.1,8,6,525,485,382,9,3045
1.1,16,14,302,580,0,9,2922
1.1,17,16,491,279,517,9,1918
1.1,45,8,46,576,301,9,1913
1.1,45,5,396,247,65,9,1680
1.1,45,6,519,0,0,9,1372
1.1,17,15,17,339,0,9,1309
1.1,40,5,54,241,248,9,1284
1.1,44,8,331,78,531,9,1255
1.1,45,10,524,330,547,9,1234
1.1,45,8,586,268,110,9,1183
1.1,8,12,120,619,113,9,1170
1.1,45,12,418,19,259,9,1150
1.0,22,1,235,370,0,9,1038
1.1,45,8,108,21,364,9,815
1.1,28,15,357,218,64,9,814
1.1,45,12,220,356,262,9,1100
1.1,35,6,3,468,224,9,1065
1.1,19,12,461,479,328,9,1065
1.1,45,12,7,417,547,9,1037
1.1,17,12,251,531,73,9,1032
1.1,19,8,283,396,216,9,1022
1.1,45,6,333,356,332,9,1003
1.1,44,8,339,3,0,9,989
1.1,45,8,307,246,82,9,989
1.1,45,12,210,226,29,9,969
1.1,19,6,130,526,552,9,961
1.1,19,7,573,238,163,9,945
1.1,6,4,182,248,574,9,905
1.1,45,4,371,336,172,9,905
1.1,17,12,280,642,216,9,884
1.1,45,14,227,310,191,9,868
1.1,45,10,304,193,317,9,862
1.1,45,4,311,648,277,9,835
1.1,45,5,42,90,307,9,821
1.1,45,4,42,221,0,9,827
1.1,19,7,222,621,0,9,800
1.1,38,14,238,496,0,9,798
1.1,19,6,91,321,287,9,798
1.1,45,8,214,395,0,9,947
1.08,8,12,73,86,0,9,2158
1.08,8,15,464,478,468,9,1298
1.08,8,15,424,455,563,9,1298
1.07,45,3,9,513,454,9,794
1.07,45,14,237,347,422,9,2547
1.07,44,8,275,0,0,9,2453
1.07,19,15,448,617,553,9,1862
1.07,19,6,201,507,509,9,961
1.05,45,8,296,434,235,9,842
1.05,8,6,460,475,358,9,3304
1.05,45,5,371,266,37,9,1760
1.05,45,13,215,631,547,9,1227
1.05,45,9,211,598,1,9,1009
1.05,45,12,67,49,469,9,1004
1.05,45,8,39,264,483,9,898
1.04,37,10,330,408,0,9,1903
1.03,22,1,284,62,0,9,2368
1.02,45,9,463,96,367,9,1008
1.01,8,2,460,259,474,9,2095
1.01,45,10,473,590,98,9,939
1.0,45,8,42,0,0,9,731
1.0,45,2,351,207,390,9,792
1.0,16,15,50,450,70,9,793
1.0,21,8,431,0,0,9,816
1.0,45,4,16,266,335,9,3962
1.0,22,4,280,578,506,9,801
1.0,19,6,485,95,26,9,3739
1.0,45,6,343,438,445,9,3639
1.0,19,13,311,530,478,9,3544
1.0,45,14,471,245,0,9,3508
1.0,8,6,70,403,265,9,3493
1.0,8,6,5,376,300,9,3450
1.0,8,8,344,605,479,9,3404
1.0,8,13,268,414,142,9,3332
1.0,45,12,16,150,216,9,3291
1.0,8,6,460,637,299,9,3264
1.0,8,12,302,34,411,9,3230
1.0,8,6,447,71,264,9,3230
1.0,8,7,127,71,590,9,3213
1.0,8,7,425,562,485,9,3193
1.0,40,10,257,0,0,9,3122
1.0,8,1,516,602,0,9,3047
1.0,45,12,237,308,421,9,2991
1.0,45,3,75,417,0,9,2794
1.0,8,3,460,494,609,9,2688
1.0,8,6,4,565,0,9,2676
1.0,45,10,570,547,462,9,2654
1.0,8,6,299,376,264,9,2604
1.0,8,6,495,208,21,9,2570
1.0,36,13,87,399,0,9,2565
1.0,8,15,135,261,0,9,2520
1.0,32,14,298,10,0,9,2488
1.0,18,8,460,299,25,9,2472
1.0,8,13,361,295,142,9,2465
1.0,8,10,517,160,0,9,2319
1.0,15,13,232,0,0,9,2278
1.0,8,7,209,424,477,9,2275
1.0,8,9,545,232,239,9,2257
1.0,8,10,125,401,0,9,2233
1.0,45,12,469,456,171,9,2228
1.0,5,13,278,5,423,9,2226
1.0,45,3,393,199,0,9,2222
1.0,8,13,426,131,94,9,2220
1.0,8,15,419,376,288,9,2180
1.0,8,2,584,490,473,9,2163
1.0,45,8,219,0,0,9,2136
1.0,8,1,477,565,470,9,2129
1.0,8,6,536,219,447,9,2128
1.0,17,16,319,84,380,9,2123
1.0,8,9,122,295,615,9,2121
1.0,29,9,230,646,212,9,2109
1.0,5,15,364,323,377,9,2102
1.0,45,15,512,592,371,9,2075
1.0,45,1,483,0,0,9,2032
1.0,16,14,49,598,266,9,2002
1.0,8,1,61,579,253,9,1973
1.0,8,13,156,506,214,9,1935
1.0,45,12,531,207,394,9,1927
1.0,8,14,128,0,0,9,1918
1.0,8,7,504,345,26,9,1904
1.0,37,16,449,436,208,9,1893
1.0,16,1,26,250,33,9,1885
1.0,45,8,313,559,207,9,1836
1.0,45,8,541,546,362,9,1835
1.0,40,8,285,128,0,9,1820
1.0,5,8,191,192,0,9,1765
3.0,8,6,344,106,476,9,1758
1.0,45,10,290,263,500,9,1659
1.0,29,6,513,35,216,9,1612
1.0,43,14,387,325,156,9,1570
1.0,45,7,541,43,130,9,1555
1.0,45,10,329,168,10,9,1520
1.0,10,13,392,0,0,9,1477
1.0,45,6,385,588,107,9,1429
1.0,24,14,490,120,469,9,1424
1.07,37,2,66,43,501,9,1399
1.7,44,15,334,67,564,9,1381
1.0,45,14,567,120,604,9,1338
1.0,45,5,280,77,0,9,1316
1.0,45,12,268,224,609,9,1316
1.0,5,6,205,526,365,9,1316
1.0,44,8,572,199,117,9,1304
1.0,45,12,496,161,380,9,1296
1.0,41,15,451,337,613,9,1291
1.0,45,14,104,277,541,9,1276
1.0,45,9,457,102,547,9,1275
1.0,45,1,110,631,275,9,1275
1.0,8,8,93,284,363,9,1274
1.0,45,15,42,49,281,0,1267
1.0,45,7,397,560,530,9,1267
1.0,22,4,506,356,338,9,1254
1.0,35,12,460,512,431,9,1248
1.0,45,10,57,0,205,2,1242
1.0,45,8,241,576,354,9,1297
1.0,45,1,234,510,234,9,1240
1.0,8,7,344,506,257,9,1235
1.0,45,12,329,334,398,9,1234
1.0,8,8,582,181,269,9,1222
1.0,45,6,473,19,62,9,1221
1.0,45,8,39,153,391,9,1220
1.0,45,1,505,525,139,9,1219
1.0,8,10,76,506,375,9,1219
1.0,45,8,401,119,77,9,1213
1.0,45,1,541,307,503,9,1211
1.0,44,8,527,274,0,9,1224
1.0,45,10,524,180,204,9,1205
1.5,45,1,481,164,302,9,1204
1.0,45,12,14,147,37,9,1203
1.0,8,12,179,167,340,9,1171
1.1,45,14,577,469,456,9,1199
1.0,16,1,247,49,65,9,1197
1.0,6,1,181,205,366,9,1198
1.0,8,3,578,132,349,9,1197
1.73,45,8,287,19,161,9,1191
1.0,45,5,253,76,471,9,1190
1.0,45,8,286,273,593,9,1186
1.0,45,8,459,221,76,9,1185
1.0,45,14,100,0,0,9,1179
1.05,35,8,172,462,143,9,1171
1.0,45,15,554,595,69,9,1170
1.0,45,10,382,380,295,9,1170
1.0,21,10,395,462,550,9,1165
1.0,8,9,165,137,470,9,1162
1.0,35,6,476,39,224,9,1158
1.0,44,1,280,301,221,9,1156
1.0,8,12,220,280,264,9,1157
1.0,22,15,455,647,407,9,1156
1.0,45,4,78,392,532,9,1155
1.0,22,7,229,32,277,9,1151
1.0,45,12,69,406,151,9,1149
1.0,45,8,161,148,37,9,1143
1.0,45,8,293,557,409,9,1148
1.0,45,12,23,549,336,9,1164
1.0,6,12,210,547,17,9,1143
1.0,45,15,262,227,0,9,1143
1.0,35,8,367,174,16,9,1141
1.06,45,8,227,229,14,9,1135
1.0,45,1,336,576,342,9,1129
1.0,45,12,213,502,497,9,1129
1.0,8,8,370,414,359,9,1130
1.0,8,10,426,612,470,9,1130
1.0,45,8,66,0,0,9,1128
1.0,1,12,579,364,455,9,1123
1.0,45,15,311,409,573,9,1120
1.0,19,15,14,500,283,9,1120
1.0,35,8,556,250,583,9,1129
1.0,45,8,576,523,562,9,1107
1.0,45,1,203,248,388,9,1106
1.0,6,8,18,421,221,9,1101
1.0,45,1,246,258,73,9,1102
1.0,31,6,246,258,73,9,1095
1.0,45,10,198,420,469,9,1094
1.0,37,8,427,624,241,9,1120
1.0,45,1,42,282,414,9,1087
1.0,45,13,459,160,277,9,1085
1.0,8,9,238,491,26,9,1081
1.0,18,6,42,165,264,9,1078
1.0,17,6,46,75,0,9,1079
1.0,17,9,256,506,331,9,1071
1.2,45,6,220,93,11,9,1066
1.0,45,10,369,446,352,9,1071
1.0,45,8,18,324,189,9,1071
1.0,20,8,14,631,35,9,1066
1.0,44,8,45,152,387,9,1059
1.0,45,12,25,433,424,9,1059
1.0,45,12,438,364,31,9,1058
1.0,8,15,585,526,616,9,1065
1.0,8,3,517,280,0,9,1056
1.0,35,15,57,391,154,9,1053
1.0,19,7,14,576,392,9,1051
1.0,45,10,459,573,502,9,1050
1.0,20,8,487,39,280,9,1046
1.0,19,6,2,89,579,9,1045
1.0,45,8,320,240,556,9,1045
1.0,45,5,246,363,216,9,1043
1.0,45,12,532,42,439,9,1043
1.0,45,6,493,600,566,9,1282
1.0,16,8,273,297,144,9,1039
1.0,19,8,461,570,209,9,1037
1.0,45,1,136,307,554,9,1037
1.0,44,8,264,60,387,9,1031
1.0,16,10,562,385,511,9,1029
1.0,5,15,549,353,500,9,1029
1.0,45,15,279,32,534,9,1024
1.0,45,1,323,396,159,9,1024
1.0,8,12,220,237,201,9,1017
1.0,8,12,460,357,245,9,1017
1.0,45,12,191,0,0,9,1016
1.0,45,4,142,342,207,9,1011
1.0,17,3,234,8,438,9,1011
1.0,37,12,314,57,313,9,1011
1.0,45,12,280,40,385,9,1010
1.0,45,4,19,246,338,9,1010
1.0,45,8,187,595,37,9,1009
1.1,8,9,89,260,353,9,1009
1.0,19,14,14,203,388,9,1003
1.0,45,6,307,246,580,9,1003
1.0,45,12,238,6,0,9,1002
1.0,45,4,273,87,545,9,1001
1.0,45,0,240,126,376,9,1001
1.0,45,4,400,264,464,9,1001
1.0,19,12,226,190,53,9,996
1.0,45,12,307,246,379,9,989
1.0,28,8,156,246,365,9,983
1.0,45,12,430,278,540,9,983
1.0,45,0,42,312,195,9,982
1.0,45,5,25,77,486,9,988
1.0,45,4,302,201,536,9,988
1.0,1,6,421,73,522,9,983
1.0,45,3,157,4,88,9,1123
1.0,16,8,372,627,539,9,981
1.0,17,6,118,204,9,9,980
1.0,45,12,42,584,270,9,976
1.0,45,10,524,246,120,9,975
1.0,45,4,280,356,138,9,974
1.0,45,3,31,236,330,9,968
1.0,39,16,566,568,60,9,968
1.0,8,0,427,410,249,9,967
1.0,20,3,261,507,28,9,962
1.0,17,14,52,273,555,9,973
1.0,35,12,514,269,427,9,981
1.0,19,5,507,51,521,9,953
1.0,6,15,561,617,186,9,952
1.0,45,1,199,319,41,9,946
1.0,22,4,13,96,277,9,947
1.0,19,12,328,507,168,9,933
1.0,45,5,227,407,148,9,932
1.0,45,12,14,2,210,9,932
1.0,45,8,376,635,497,9,931
1.0,7,1,423,165,167,9,926
1.0,31,5,366,146,150,9,925
1.0,40,15,52,397,229,9,918
1.0,44,8,178,191,426,9,913
1.0,45,12,311,505,0,9,919
1.0,6,12,322,413,417,9,912
1.0,45,4,72,576,240,9,905
1.0,19,12,379,608,459,9,905
1.0,45,12,371,87,560,9,905
1.0,23,8,195,576,61,9,904
1.0,45,10,535,641,37,9,904
1.0,45,4,7,350,160,9,904
1.0,45,12,586,102,183,9,903
1.0,45,8,143,200,502,9,903
1.0,45,8,414,435,446,9,892
1.0,45,12,42,148,547,9,884
1.0,19,12,347,19,388,9,883
1.0,45,8,575,307,548,9,878
1.0,45,0,531,366,475,9,878
1.0,45,12,242,364,37,9,876
1.0,45,13,417,330,260,9,876
1.0,45,8,316,583,586,9,883
1.0,45,4,416,90,243,9,870
1.0,45,12,42,202,547,9,869
1.0,45,10,291,302,373,9,862
1.0,17,6,550,142,128,9,861
1.0,45,12,371,589,484,9,856
1.0,45,8,185,522,406,9,848
1.0,45,10,591,447,91,9,847
1.0,39,15,144,182,575,9,847
1.0,45,14,72,23,120,9,847
1.0,45,2,252,287,32,9,843
1.0,17,8,548,303,134,9,840
1.0,19,8,2,576,534,9,836
1.0,39,14,11,0,0,9,835
1.0,24,8,475,320,224,9,829
1.0,31,12,491,0,0,9,828
1.0,9,8,259,310,547,9,827
1.0,45,12,227,334,330,9,820
1.0,45,10,68,538,116,9,799
1.0,45,5,153,170,536,9,799
1.0,45,4,68,538,116,9,805
1.0,22,9,72,90,368,9,801
1.0,19,12,223,540,592,9,786
1.0,45,15,262,77,258,9,786
1.0,45,15,181,159,274,9,772
1.0,45,5,240,19,146,9,765
1.0,45,12,95,177,211,9,750
